NAME_PIPELINE,FOLDER,BOT_SCRIPT_NAME
lnd_org_raw_aco_brasil_prod_aco_nacional,lnd/crw/aco_brasil,org_raw_aco_brasil_prod_aco_nacional
lnd_org_raw_aneel_gera_energia_distrib,lnd/crw/aneel,org_raw_gera_energia_distribuida
lnd_org_raw_aneel_gera_energia_distrib_adb,lnd_adb,org_raw_gera_energia_distribuida
lnd_org_raw_bacen_cotacao,lnd/crw/oni/bacen,org_raw_bacen_cotacao
lnd_org_raw_bacen_estban_mensal_municipios,lnd/crw/oni/bacen/estban_mensal,org_raw_bacen_estban_mensal_municipios
lnd_org_raw_banco_mundial_indicadores_selecionados,lnd/crw/banco_mundial,org_raw_banco_mundial_indicadores_selecionados
lnd_org_raw_banco_mundial_preco_commodity,lnd/crw/banco_mundial,org_raw_banco_mundial_preco_commodity
lnd_org_raw_camara_dep_dados_abertos_atividade_parlamentar,lnd/crw/oni/camara_dep/dados_abertos,org_raw_camara_dep_dados_abertos_atividade_parlamentar
lnd_org_raw_camara_dep_dados_abertos_deputados,lnd/crw/oni/camara_dep/dados_abertos,org_raw_camara_dep_dados_abertos_deputados
lnd_org_raw_camara_dep_dados_abertos_eventos,lnd/crw/oni/camara_dep/dados_abertos,org_raw_camara_dep_dados_abertos_eventos
lnd_org_raw_camara_dep_dados_abertos_frentes_parlamentares,lnd/crw/oni/camara_dep/dados_abertos,org_raw_camara_dep_dados_abertos_frentes_parlament
lnd_org_raw_camara_dep_dados_abertos_funcionarios,lnd/crw/oni/camara_dep/dados_abertos,org_raw_camara_dep_dados_abertos_funcionarios
lnd_org_raw_camara_dep_dados_abertos_orgaos,lnd/crw/oni/camara_dep/dados_abertos,org_raw_camara_dep_dados_abertos_orgaos
lnd_org_raw_camara_dep_dados_abertos_proposicoes,lnd/crw/oni/camara_dep/dados_abertos,org_raw_camara_dep_dados_abertos_proposicoes
lnd_org_raw_camara_dep_dados_abertos_tesauro,lnd/crw/oni/camara_dep/dados_abertos,org_raw_camara_dep_dados_abertos_tesauro
lnd_org_raw_camara_dep_dados_abertos_votacoes,lnd/crw/oni/camara_dep,org_raw_camara_dep_dados_abertos_votacoes
lnd_org_raw_catho_vagas,lnd/crw/catho_vagas,org_raw_catho_vagas
lnd_org_raw_censo_escolar,lnd/crw/inep_censo_escolar,org_raw_censo_escolar
lnd_org_raw_contratos,lnd/crw/dem_contab,org_raw_dem_contab_contratos
lnd_org_raw_deflatores,lnd/crw/ibge,org_raw_ibge_deflatores
lnd_org_raw_dsu,lnd/crw/inep_dsu,org_raw_inep_dsu
lnd_org_raw_enem_escola,lnd/crw/inep_enem,org_raw_enem_escola
lnd_org_raw_estrutura_cbo,lnd/crw/ibge,org_raw_estrutura_cbo
lnd_org_raw_estrutura_cnae,lnd/crw/ibge,org_raw_estrutura_cnae
lnd_org_raw_estrutura_territorial,lnd/crw/ibge,org_raw_estrutura_territorial
lnd_org_raw_euromonitor_marketsize,lnd/crw/oni/euromonitor,org_raw_euromonitor_marketsize
lnd_org_raw_execucao_orcamentaria,lnd/crw/dem_contab,org_raw_dem_contab_exec_orc
lnd_org_raw_fmi_proj,lnd/crw/fmi_proj,org_raw_fmi_proj
lnd_org_raw_fred_indicadores_selecionados,lnd/crw/fred,org_raw_fred_indicadores_selecionados
lnd_org_raw_gratuidade,lnd/crw/dem_contab,org_raw_dem_contab_grat
lnd_org_raw_ibge_gini,lnd/crw/oni/ibge,org_raw_ibge_gini
lnd_org_raw_ibge_ipp_cnae_div,lnd/crw/ibge,org_raw_ibge_ipp_cnae_div
lnd_org_raw_ibge_pintec_bio_nano,lnd/crw/ibge_pintec_bio_nano,org_raw_ibge_pintec_bio_nano
lnd_org_raw_ibge_pintec_bio_nano_po,lnd/crw/ibge,org_raw_ibge_pintec_bio_nano_po
lnd_org_raw_ibge_pintec_efei_pand_rel_sust_cnae,lnd/crw/ibge,org_raw_ibge_pintec_efei_pand_rel_sust_cnae
lnd_org_raw_ibge_pintec_efei_pand_rel_sust_po,lnd/crw/oni/ibge/pintec,org_raw_ibge_pintec_efei_pand_rel_sust_po
lnd_org_raw_ibge_pintec_grau_nov_imp,lnd/crw/ibge_pintec_grau_nov_imp,org_raw_ibge_pintec_grau_nov_imp
lnd_org_raw_ibge_pintec_grau_nov_prod_cnae,lnd/crw/ibge,org_raw_ibge_pintec_grau_nov_prod_cnae
lnd_org_raw_ibge_pintec_grau_nov_prod_po,lnd/crw/oni/ibge/pintec,org_raw_ibge_pintec_grau_nov_prod_po
lnd_org_raw_ibge_pintec_grau_obst_cnae,lnd/crw/ibge,org_raw_ibge_pintec_grau_obst_cnae
lnd_org_raw_ibge_pintec_grau_obst_po,lnd/crw/oni/ibge/pintec,org_raw_ibge_pintec_grau_obst_po
lnd_org_raw_ibge_pintec_inov_prod_proces_cnae,lnd/crw/ibge,org_raw_ibge_pintec_inov_prod_proces_cnae
lnd_org_raw_ibge_pintec_inov_prod_proces_po,lnd/crw/oni/ibge/pintec,org_raw_ibge_pintec_inov_prod_proces_po
lnd_org_raw_ibge_pintec_n_grau_obst_cnae,lnd/crw/ibge,org_raw_ibge_pintec_n_grau_obst_cnae
lnd_org_raw_ibge_pintec_n_grau_obst_po,lnd/crw/oni/ibge/pintec,org_raw_ibge_pintec_n_grau_obst_po
lnd_org_raw_ibge_pintec_n_prod_proc_pd_ex_disp_po,lnd/crw/oni/ibge/pintec,org_raw_ibge_pintec_n_prod_proc_pd_ex_disp_po
lnd_org_raw_ibge_pintec_org_mkt,lnd/crw/ibge_pintec_org_mkt,org_raw_ibge_pintec_org_mkt
lnd_org_raw_ibge_pintec_org_mkt_po,lnd/crw/ibge,org_raw_ibge_pintec_org_mkt_po
lnd_org_raw_ibge_pintec_prob_obst,lnd/crw/ibge_pintec_prop_obst,org_raw_ibge_pintec_prob_obst
lnd_org_raw_ibge_pintec_prob_obst_po,lnd/crw/ibge,org_raw_ibge_pintec_prob_obst_po
lnd_org_raw_ibge_pintec_proc_neg_func_cnae,lnd/crw/ibge,org_raw_ibge_pintec_proc_neg_func_cnae
lnd_org_raw_ibge_pintec_proc_neg_func_po,lnd/crw/oni/ibge/pintec,org_raw_ibge_pintec_proc_neg_func_po
lnd_org_raw_ibge_pintec_prod_proc_disp_pd_cnae,lnd/crw/ibge,org_raw_ibge_pintec_prod_proc_disp_pd_cnae
lnd_org_raw_ibge_pintec_prod_proc_disp_pd_po,lnd/crw/oni/ibge/pintec,org_raw_ibge_pintec_prod_proc_disp_pd_po
lnd_org_raw_ibge_pintec_prod_proc_evolu_disp_cnae,lnd/crw/ibge,org_raw_ibge_pintec_prod_proc_evolu_disp_cnae
lnd_org_raw_ibge_pintec_prod_proc_evolu_disp_po,lnd/crw/oni/ibge/pintec,org_raw_ibge_pintec_prod_proc_evolu_disp_po
lnd_org_raw_ibge_pintec_prod_proc_pd_ex_disp_cnae,lnd/crw/ibge,org_raw_ibge_pintec_n_prod_proc_pd_ex_disp_cnae
lnd_org_raw_ibge_pintec_prod_proc_rel_coop_cnae,lnd/crw/ibge,org_raw_ibge_pintec_prod_proc_rel_coop_cnae
lnd_org_raw_ibge_pintec_prod_proc_rel_coop_po,lnd/crw/oni/ibge/pintec,org_raw_ibge_pintec_prod_proc_rel_coop_po
lnd_org_raw_ibge_pintec_prod_vend_int,lnd/crw/ibge_pintec_prod_vend_int,org_raw_ibge_pintec_prod_vend_int
lnd_org_raw_ibge_pintec_prod_vend_int_po,lnd/crw/ibge,org_raw_ibge_pintec_prod_vend_int_po
lnd_org_raw_ibge_pintec_rel_coop,lnd/crw/ibge_pintec_rel_coop,org_raw_ibge_pintec_rel_coop
lnd_org_raw_ibge_pintec_rel_coop_loc,lnd/crw/ibge_pintec_rel_cool_loc,org_raw_ibge_pintec_rel_coop_loc
lnd_org_raw_ibge_pintec_rel_coop_loc_po,lnd/crw/ibge,org_raw_ibge_pintec_rel_coop_loc_po
lnd_org_raw_ibge_pintec_rel_coop_po,lnd/crw/ibge,org_raw_ibge_pintec_rel_coop_po
lnd_org_raw_ibge_pintec_resp_imp,lnd/crw/ibge_pintec_resp_imp,org_raw_ibge_pintec_resp_imp
lnd_org_raw_ibge_pintec_tipo_inov_proj,lnd/crw/ibge_pintec_tipo_inov_proj,org_raw_ibge_pintec_tipo_inov_proj
lnd_org_raw_ibge_pintec_tipo_programa,lnd/crw/ibge_pintec_tipo_programa,org_raw_ibge_pintec_tipo_programa
lnd_org_raw_ibge_pintec_tipo_programa_po,lnd/crw/ibge,org_raw_ibge_pintec_tipo_programa_po
lnd_org_raw_ibge_pnadc_a_deflatores,lnd/crw/ibge,org_raw_ibge_pnadc_a_deflatores
lnd_org_raw_ibge_pnadc_a_trim2,lnd/crw/oni/ibge,org_raw_ibge_pnadc_a_trim2
lnd_org_raw_ibge_pnadc_a_trim4,lnd/crw/ibge,org_raw_ibge_pnadc_a_trim4
lnd_org_raw_ibge_pnadc_a_visita1,lnd/crw/ibge,org_raw_ibge_pnadc_a_visita1
lnd_org_raw_ibge_pnadc_a_visita5,lnd/crw/ibge,org_raw_ibge_pnadc_a_visita5
lnd_org_raw_ibge_pop_estimada,lnd/crw/ibge_pop_estimada,org_raw_ibge_pop_estimada
lnd_org_raw_ibge_pop_projetada,lnd/crw/ibge_pop_projetada,org_raw_ibge_pop_projetada
lnd_org_raw_ideb,lnd/crw/ideb,org_raw_ideb
lnd_org_raw_iea_carvao_estatisticas,lnd/crw/iea,org_raw_iea_carvao_estatisticas
lnd_org_raw_iel_it_cnpq_contratacao_bolsista,lnd/crw/iel_inova_talentos,org_raw_iel_it_cnpq_contratacao_bolsista
lnd_org_raw_iel_it_cnpq_submeter_projeto,lnd/crw/iel_inova_talentos,org_raw_iel_it_cnpq_submeter_projeto
lnd_org_raw_iel_it_inovaiel_contratacao_bolsista,lnd/crw/iel_inova_talentos,org_raw_iel_it_inovaiel_contratacao_bolsista
lnd_org_raw_iel_it_inova_talentos_submeter_projeto,lnd/crw/iel_inova_talentos,org_raw_iel_it_inova_talentos_submeter_projeto
lnd_org_raw_iel_it_ipt_contratacao_bolsista,lnd/crw/iel_inova_talentos,org_raw_iel_it_ipt_contratacao_bolsista
lnd_org_raw_iel_it_ipt_submeter_projeto,lnd/crw/iel_inova_talentos,org_raw_iel_it_ipt_submeter_projeto
lnd_org_raw_indicadores_gratuidade,lnd/crw/dem_contab,org_raw_dem_contab_indicadores_gratuidade
lnd_org_raw_inep_atu,lnd/crw/inep_atu,org_raw_inep_atu
lnd_org_raw_inep_had,lnd/crw/inep_had,org_raw_inep_had
lnd_org_raw_inep_icg,lnd/crw/inep_icg,org_raw_inep_icg
lnd_org_raw_inep_iqes,lnd/crw/inep_iqes,org_raw_inep_iqes
lnd_org_raw_inep_ird,lnd/crw/inep_ird,org_raw_inep_ird
lnd_org_raw_inep_rmd,lnd/crw/inep_rmd,org_raw_inep_rmd
lnd_org_raw_inep_taxa_rendimento,lnd/crw/inep_taxa_rendimento,org_raw_inep_taxa_rendimento
lnd_org_raw_infojobs_vagas,lnd/crw/infojobs_vagas,org_raw_infojobs_vagas
lnd_org_raw_inguru,lnd/crw/inguru,org_raw_inguru
lnd_org_raw_inpi_badepi_patentes,lnd/crw/oni/inpi,org_raw_inpi_badepi_patentes
lnd_org_raw_inse_afd,lnd/crw/inse,org_raw_inse_afd
lnd_org_raw_inse_nivel_socioeconomico,lnd/crw/inse,org_raw_inse_nivel_socioeconomico
lnd_org_raw_inse_nivel_socioeconomico_adb,lnd_adb,org_raw_inse_nivel_socioeconomico
lnd_org_raw_inss_cat,lnd/crw/inss,org_raw_inss_cat
lnd_org_raw_ipca,lnd/crw/ibge,org_raw_ipca
lnd_org_raw_ipca_adb,lnd/crw/ibge,org_raw_ipca
lnd_org_raw_ipca_indice_desagregado,lnd/crw/ibge,org_raw_ibge_ipca_indice_desagregado
lnd_org_raw_logs_adf,lnd/crw/log_analytics,org_raw_logs_adf
lnd_org_raw_logs_blob_storage,lnd/crw/log_analytics,org_raw_logs_blob_storage
lnd_org_raw_matriculas_tipo_2,lnd/crw/datalake_sesi_senai/producao/PE,org_raw_consumo_prod
lnd_org_raw_mcti_inovadata_companies,lnd/crw/oni/mcti,org_raw_mcti_inovadata_companies
lnd_org_raw_mec_pnp_ept,lnd/crw/mec_pnp_ept,org_raw_mec_pnp_ept
lnd_org_raw_me_comex,lnd/crw/me,org_raw_me_comex
lnd_org_raw_microdados_caged,lnd/crw/me,org_raw_microdados_caged
lnd_org_raw_microdados_caged_ajustes,lnd/crw/me,org_raw_microdados_caged_ajustes
lnd_org_raw_microdados_enem,lnd/crw/inep_enem,org_raw_microdados_enem
lnd_org_raw_microdados_novo_caged,lnd/crw/me,org_raw_microdados_novo_caged
lnd_org_raw_microdados_pnad,lnd/crw/ibge,org_raw_microdados_pnad
lnd_org_raw_mpt_sst_acidentometro,lnd/crw/oni/mpt,org_raw_mpt_sst_acidentometro
lnd_org_raw_mpt_sst_beneficios,lnd/crw/oni/mpt,org_raw_mpt_sst_beneficios
lnd_org_raw_mpt_sst_cat,lnd/crw/oni/mpt,org_raw_mpt_sst_cat
lnd_org_raw_mpt_sst_indicadores_br,lnd/crw/oni/mpt,org_raw_mpt_sst_indicadores_br
lnd_org_raw_mpt_sst_indicadores_mun,lnd/crw/oni/mpt,org_raw_mpt_sst_indicadores_mun
lnd_org_raw_mpt_sst_indicadores_uf,lnd/crw/oni/mpt,org_raw_mpt_sst_indicadores_uf
lnd_org_raw_mpt_sst_indicadores_uni,lnd/crw/oni/mpt,org_raw_mpt_sst_indicadores_uni
lnd_org_raw_ms_sih_rd,lnd/crw/ms,org_raw_ms_sih_rd
lnd_org_raw_ms_sih_sp,lnd/crw/ms,org_raw_ms_sih_sp
lnd_org_raw_ms_sim,lnd/crw/ms,org_raw_ms_sim
lnd_org_raw_ms_sinan_acbi,lnd/crw/ms_sinan_acbi,org_raw_ms_sinan_acbi
lnd_org_raw_ms_sinan_acgr,lnd/crw/ms_sinan_acgr,org_raw_ms_sinan_acgr
lnd_org_raw_ms_sinan_anim,lnd/crw/ms_sinan_anim,org_raw_ms_sinan_anim
lnd_org_raw_ms_sinan_canc,lnd/crw/ms_sinan_canc,org_raw_ms_sinan_canc
lnd_org_raw_ms_sinan_derm,lnd/crw/ms_sinan_derm,org_raw_ms_sinan_derm
lnd_org_raw_ms_sinan_iexo,lnd/crw/ms_sinan_iexo,org_raw_ms_sinan_iexo
lnd_org_raw_ms_sinan_lerd,lnd/crw/ms_sinan_lerd,org_raw_ms_sinan_lerd
lnd_org_raw_ms_sinan_ment,lnd/crw/ms_sinan_ment,org_raw_ms_sinan_ment
lnd_org_raw_ms_sinan_pair,lnd/crw/ms_sinan_pair,org_raw_ms_sinan_pair
lnd_org_raw_ms_sinan_pneu,lnd/crw/ms_sinan_pneu,org_raw_ms_sinan_pneu
lnd_org_raw_mte_rais_publica_estabelecimento,lnd/crw/oni/mte,org_raw_mte_rais_publica_estabelecimento
lnd_org_raw_mtp_aeat_acid_obi_mun,lnd/crw/mtp_aeat,org_raw_mtp_aeat_acid_obi_mun
lnd_org_raw_mtp_aeat_conseq_clas,lnd/crw/mtp_aeat,org_raw_mtp_aeat_conseq_clas
lnd_org_raw_mtp_aeat_conseq_div,lnd/crw/mtp_aeat_conseq_div,org_raw_mtp_aeat_conseq_div
lnd_org_raw_mtp_aeat_motivo_cid,lnd/crw/mtp_aeat,org_raw_mtp_aeat_motivo_cid
lnd_org_raw_mtp_aeat_motivo_class,lnd/crw/mtp_aeat_motivo_class,org_raw_mtp_aeat_motivo_class
lnd_org_raw_mtp_aeat_motivo_div,lnd/crw/mtp_aeat,org_raw_mtp_aeat_motivo_div
lnd_org_raw_mtp_aeat_motivo_ida_sex,lnd/crw/mtp_aeat,org_raw_mtp_aeat_motivo_ida_sex
lnd_org_raw_ocde_projecoes_economicas,lnd/crw/ocde_projecoes_economicas,org_raw_ocde_projecoes_economicas
lnd_org_raw_piaemp,lnd/crw/ibge,org_raw_ibge_piaemp
lnd_org_raw_piaemp_aquisicoes,lnd/crw/ibge,org_raw_ibge_piaemp_aquisicoes
lnd_org_raw_pia_produto_vti,lnd/crw/ibge,org_raw_ibge_pia_produto_vti
lnd_org_raw_pimpf,lnd/crw/ibge,org_raw_ibge_pimpf
lnd_org_raw_pnadc_a_visita2,lnd/crw/ibge,org_raw_ibge_pnadc_a_visita2
lnd_org_raw_prova_brasil,lnd/crw/prova_brasil,org_raw_prova_brasil
lnd_org_raw_rais_estabelecimento,lnd/crw/me,org_raw_rais_estabelecimento
lnd_org_raw_rais_vinculo,lnd/crw/me,org_raw_rais_vinculo
lnd_org_raw_rfb_cno,lnd/crw/rfb_cno__cadastro_nacional_de_obras,org_raw_rfb_cno
lnd_org_raw_rfb_cno_adb,lnd/crw/rfb_cno__cadastro_nacional_de_obras,org_raw_rfb_cno
lnd_org_raw_rfb_cnpj_cadastro_empresa,lnd/crw/rfb_cnpj,org_raw_rfb_cnpj_cadastro_empresa
lnd_org_raw_rfb_cnpj_cadastro_estbl,lnd/crw/rfb_cnpj,org_raw_rfb_cnpj_cadastro_estbl
lnd_org_raw_rfb_cnpj_cadastro_simples,lnd/crw/rfb_cnpj,org_raw_rfb_cnpj_cadastro_simples
lnd_org_raw_rfb_cnpj_cadastro_socio,lnd/crw/rfb_cnpj,org_raw_rfb_cnpj_cadastro_socio
lnd_org_raw_rfb_cnpj_regime_tributario,lnd/crw/rfb_cnpj,org_raw_rfb_cnpj_regime_tributario
lnd_org_raw_rfb_cnpj_tabelas_auxiliares,lnd/crw/rfb_cnpj,org_raw_rfb_cnpj_tabelas_auxiliares
lnd_org_raw_saeb,lnd/crw/inep_saeb,org_raw_saeb
lnd_org_raw_scnt,lnd/crw/ibge,org_raw_scnt
lnd_org_raw_sgf_projetos_inovacao,lnd/crw/unitec,org_raw_sgf_projetos_inovacao
lnd_org_raw_tdi,lnd/crw/inep_tdi,org_raw_inep_tdi
lnd_org_raw_test,test,{}
lnd_org_raw_trello,lnd/crw/trello,org_raw_trello
lnd_org_raw_trello_customfields_adb,lnd/crw/oni/trello,org_raw_trello_customfields
lnd_org_raw_trello_enterprise_board_organizations_adb,lnd/crw/oni/trello,org_raw_trello_enterprise_board_organizations
lnd_org_raw_trello_list_checklist_adb,lnd/crw/oni/trello,org_raw_trello_list_checklist
lnd_org_raw_trello_member_actions_card_adb,lnd/crw/oni/trello,org_raw_trello_member_actions_card
lnd_org_raw_un_comtrade_comer_wld_commodity_annual,lnd/crw/oni/un_comtrade/comer_wld,org_raw_un_comtrade_comer_wld
lnd_org_raw_un_comtrade_comer_wld_commodity_monthly,lnd/crw/oni/un_comtrade/comer_wld,org_raw_un_comtrade_comer_wld
lnd_org_raw_un_comtrade_comer_wld_service_annual,lnd/crw/oni/un_comtrade/comer_wld,org_raw_un_comtrade_comer_wld
lnd_org_raw_un_comtrade_partner,lnd/crw/oni/un_comtrade/partner,org_raw_un_comtrade_partner
lnd_org_raw_un_comtrade_reporter,lnd/crw/oni/un_comtrade/reporter,org_raw_un_comtrade_reporter
lnd_org_raw_vagascertas_vagas,lnd/crw/vagascertas_vagas,org_raw_vagascertas_vagas
lnd_org_raw_vagascom_vagas,lnd/crw/vagascom_vagas,org_raw_vagascom_vagas
lnd_org_raw_worldsteel_indicadores_selecionados,lnd/crw/worldsteel,org_raw_worldsteel_indicadores_selecionados
